{"cameraMode":{"drawMode":0,"name":"Shaded","section":"Shading Mode"},"sceneLighting":true,"audioPlay":false,"sceneViewState":{"m_AlwaysRefresh":false,"showFog":true,"showSkybox":true,"showFlares":true,"showImageEffects":true,"showParticleSystems":true,"showVisualEffectGraphs":true,"m_FxEnabled":false},"in2DMode":false,"pivot":{"x":-460.6002197265625,"y":-110.1236572265625,"z":-11.899301528930664},"rotation":{"x":0.30688685178756716,"y":-0.02141307294368744,"z":0.006904472131282091,"w":0.9514851570129395},"size":914.6593627929688,"orthographic":false}